prueba0,prueba0
prueba1,prueba1
prueba2,prueba2
prueba3,prueba3
prueba4,prueba4
prueba5,prueba5
prueba6,prueba6
prueba7,prueba7
prueba8,prueba8
prueba9,prueba9
prueba10,prueba10
prueba11,prueba11
prueba12,prueba12
prueba13,prueba13
prueba14,prueba14
prueba15,prueba15
prueba16,prueba16
prueba17,prueba17
prueba18,prueba18
prueba19,prueba19
prueba20,prueba20
prueba21,prueba21
prueba22,prueba22
prueba23,prueba23
prueba24,prueba24
prueba25,prueba25
prueba26,prueba26
prueba27,prueba27
prueba28,prueba28
prueba29,prueba29
prueba30,prueba30
prueba31,prueba31
prueba32,prueba32
prueba33,prueba33
prueba34,prueba34
prueba35,prueba35
prueba36,prueba36
prueba37,prueba37
prueba38,prueba38
prueba39,prueba39
prueba40,prueba40
prueba41,prueba41
prueba42,prueba42
prueba43,prueba43
prueba44,prueba44
prueba45,prueba45
prueba46,prueba46
prueba47,prueba47
prueba48,prueba48
prueba49,prueba49
prueba50,prueba50
prueba51,prueba51
prueba52,prueba52
prueba53,prueba53
prueba54,prueba54
prueba55,prueba55
prueba56,prueba56
prueba57,prueba57
prueba58,prueba58
prueba59,prueba59
prueba60,prueba60
prueba61,prueba61
prueba62,prueba62
prueba63,prueba63
prueba64,prueba64
prueba65,prueba65
prueba66,prueba66
prueba67,prueba67
prueba68,prueba68
prueba69,prueba69
prueba70,prueba70
prueba71,prueba71
prueba72,prueba72
prueba73,prueba73
prueba74,prueba74
prueba75,prueba75
prueba76,prueba76
prueba77,prueba77
prueba78,prueba78
prueba79,prueba79
prueba80,prueba80
prueba81,prueba81
prueba82,prueba82
prueba83,prueba83
prueba84,prueba84
prueba85,prueba85
prueba86,prueba86
prueba87,prueba87
prueba88,prueba88
prueba89,prueba89
prueba90,prueba90
prueba91,prueba91
prueba92,prueba92
prueba93,prueba93
prueba94,prueba94
prueba95,prueba95
prueba96,prueba96
prueba97,prueba97
prueba98,prueba98
prueba99,prueba99
prueba100,prueba100
prueba101,prueba101
prueba102,prueba102
prueba103,prueba103
prueba104,prueba104
prueba105,prueba105
prueba106,prueba106
prueba107,prueba107
prueba108,prueba108
prueba109,prueba109
prueba110,prueba110
prueba111,prueba111
prueba112,prueba112
prueba113,prueba113
prueba114,prueba114
prueba115,prueba115
prueba116,prueba116
prueba117,prueba117
prueba118,prueba118
prueba119,prueba119
prueba120,prueba120
prueba121,prueba121
prueba122,prueba122
prueba123,prueba123
prueba124,prueba124
prueba125,prueba125
prueba126,prueba126
prueba127,prueba127
prueba128,prueba128
prueba129,prueba129
prueba130,prueba130
prueba131,prueba131
prueba132,prueba132
prueba133,prueba133
prueba134,prueba134
prueba135,prueba135
prueba136,prueba136
prueba137,prueba137
prueba138,prueba138
prueba139,prueba139
prueba140,prueba140
prueba141,prueba141
prueba142,prueba142
prueba143,prueba143
prueba144,prueba144
prueba145,prueba145
prueba146,prueba146
prueba147,prueba147
prueba148,prueba148
prueba149,prueba149
prueba150,prueba150
prueba151,prueba151
prueba152,prueba152
prueba153,prueba153
prueba154,prueba154
prueba155,prueba155
prueba156,prueba156
prueba157,prueba157
prueba158,prueba158
prueba159,prueba159
prueba160,prueba160
prueba161,prueba161
prueba162,prueba162
prueba163,prueba163
prueba164,prueba164
prueba165,prueba165
prueba166,prueba166
prueba167,prueba167
prueba168,prueba168
prueba169,prueba169
prueba170,prueba170
prueba171,prueba171
prueba172,prueba172
prueba173,prueba173
prueba174,prueba174
prueba175,prueba175
prueba176,prueba176
prueba177,prueba177
prueba178,prueba178
prueba179,prueba179
prueba180,prueba180
prueba181,prueba181
prueba182,prueba182
prueba183,prueba183
prueba184,prueba184
prueba185,prueba185
prueba186,prueba186
prueba187,prueba187
prueba188,prueba188
prueba189,prueba189
prueba190,prueba190
prueba191,prueba191
prueba192,prueba192
prueba193,prueba193
prueba194,prueba194
prueba195,prueba195
prueba196,prueba196
prueba197,prueba197
prueba198,prueba198
prueba199,prueba199
prueba200,prueba200
prueba201,prueba201
prueba202,prueba202
prueba203,prueba203
prueba204,prueba204
prueba205,prueba205
prueba206,prueba206
prueba207,prueba207
prueba208,prueba208
prueba209,prueba209
prueba210,prueba210
prueba211,prueba211
prueba212,prueba212
prueba213,prueba213
prueba214,prueba214
prueba215,prueba215
prueba216,prueba216
prueba217,prueba217
prueba218,prueba218
prueba219,prueba219
prueba220,prueba220
prueba221,prueba221
prueba222,prueba222
prueba223,prueba223
prueba224,prueba224
prueba225,prueba225
prueba226,prueba226
prueba227,prueba227
prueba228,prueba228
prueba229,prueba229
prueba230,prueba230
prueba231,prueba231
prueba232,prueba232
prueba233,prueba233
prueba234,prueba234
prueba235,prueba235
prueba236,prueba236
prueba237,prueba237
prueba238,prueba238
prueba239,prueba239
prueba240,prueba240
prueba241,prueba241
prueba242,prueba242
prueba243,prueba243
prueba244,prueba244
prueba245,prueba245
prueba246,prueba246
prueba247,prueba247
prueba248,prueba248
prueba249,prueba249
prueba250,prueba250
prueba251,prueba251
prueba252,prueba252
prueba253,prueba253
prueba254,prueba254
prueba255,prueba255
prueba256,prueba256
prueba257,prueba257
prueba258,prueba258
prueba259,prueba259
prueba260,prueba260
prueba261,prueba261
prueba262,prueba262
prueba263,prueba263
prueba264,prueba264
prueba265,prueba265
prueba266,prueba266
prueba267,prueba267
prueba268,prueba268
prueba269,prueba269
prueba270,prueba270
prueba271,prueba271
prueba272,prueba272
prueba273,prueba273
prueba274,prueba274
prueba275,prueba275
prueba276,prueba276
prueba277,prueba277
prueba278,prueba278
prueba279,prueba279
prueba280,prueba280
prueba281,prueba281
prueba282,prueba282
prueba283,prueba283
prueba284,prueba284
prueba285,prueba285
prueba286,prueba286
prueba287,prueba287
prueba288,prueba288
prueba289,prueba289
prueba290,prueba290
prueba291,prueba291
prueba292,prueba292
prueba293,prueba293
prueba294,prueba294
prueba295,prueba295
prueba296,prueba296
prueba297,prueba297
prueba298,prueba298
prueba299,prueba299
prueba300,prueba300
prueba301,prueba301
prueba302,prueba302
prueba303,prueba303
prueba304,prueba304
prueba305,prueba305
prueba306,prueba306
prueba307,prueba307
prueba308,prueba308
prueba309,prueba309
prueba310,prueba310
prueba311,prueba311
prueba312,prueba312
prueba313,prueba313
prueba314,prueba314
prueba315,prueba315
prueba316,prueba316
prueba317,prueba317
prueba318,prueba318
prueba319,prueba319
prueba320,prueba320
prueba321,prueba321
prueba322,prueba322
prueba323,prueba323
prueba324,prueba324
prueba325,prueba325
prueba326,prueba326
prueba327,prueba327
prueba328,prueba328
prueba329,prueba329
prueba330,prueba330
prueba331,prueba331
prueba332,prueba332
prueba333,prueba333
prueba334,prueba334
prueba335,prueba335
prueba336,prueba336
prueba337,prueba337
prueba338,prueba338
prueba339,prueba339
prueba340,prueba340
prueba341,prueba341
prueba342,prueba342
prueba343,prueba343
prueba344,prueba344
prueba345,prueba345
prueba346,prueba346
prueba347,prueba347
prueba348,prueba348
prueba349,prueba349
prueba350,prueba350
prueba351,prueba351
prueba352,prueba352
prueba353,prueba353
prueba354,prueba354
prueba355,prueba355
prueba356,prueba356
prueba357,prueba357
prueba358,prueba358
prueba359,prueba359
prueba360,prueba360
prueba361,prueba361
prueba362,prueba362
prueba363,prueba363
prueba364,prueba364
prueba365,prueba365
prueba366,prueba366
prueba367,prueba367
prueba368,prueba368
prueba369,prueba369
prueba370,prueba370
prueba371,prueba371
prueba372,prueba372
prueba373,prueba373
prueba374,prueba374
prueba375,prueba375
prueba376,prueba376
prueba377,prueba377
prueba378,prueba378
prueba379,prueba379
prueba380,prueba380
prueba381,prueba381
prueba382,prueba382
prueba383,prueba383
prueba384,prueba384
prueba385,prueba385
prueba386,prueba386
prueba387,prueba387
prueba388,prueba388
prueba389,prueba389
prueba390,prueba390
prueba391,prueba391
prueba392,prueba392
prueba393,prueba393
prueba394,prueba394
prueba395,prueba395
prueba396,prueba396
prueba397,prueba397
prueba398,prueba398
prueba399,prueba399
prueba400,prueba400
prueba401,prueba401
prueba402,prueba402
prueba403,prueba403
prueba404,prueba404
prueba405,prueba405
prueba406,prueba406
prueba407,prueba407
prueba408,prueba408
prueba409,prueba409
prueba410,prueba410
prueba411,prueba411
prueba412,prueba412
prueba413,prueba413
prueba414,prueba414
prueba415,prueba415
prueba416,prueba416
prueba417,prueba417
prueba418,prueba418
prueba419,prueba419
prueba420,prueba420
prueba421,prueba421
prueba422,prueba422
prueba423,prueba423
prueba424,prueba424
prueba425,prueba425
prueba426,prueba426
prueba427,prueba427
prueba428,prueba428
prueba429,prueba429
prueba430,prueba430
prueba431,prueba431
prueba432,prueba432
prueba433,prueba433
prueba434,prueba434
prueba435,prueba435
prueba436,prueba436
prueba437,prueba437
prueba438,prueba438
prueba439,prueba439
prueba440,prueba440
prueba441,prueba441
prueba442,prueba442
prueba443,prueba443
prueba444,prueba444
prueba445,prueba445
prueba446,prueba446
prueba447,prueba447
prueba448,prueba448
prueba449,prueba449
prueba450,prueba450
prueba451,prueba451
prueba452,prueba452
prueba453,prueba453
prueba454,prueba454
prueba455,prueba455
prueba456,prueba456
prueba457,prueba457
prueba458,prueba458
prueba459,prueba459
prueba460,prueba460
prueba461,prueba461
prueba462,prueba462
prueba463,prueba463
prueba464,prueba464
prueba465,prueba465
prueba466,prueba466
prueba467,prueba467
prueba468,prueba468
prueba469,prueba469
prueba470,prueba470
prueba471,prueba471
prueba472,prueba472
prueba473,prueba473
prueba474,prueba474
prueba475,prueba475
prueba476,prueba476
prueba477,prueba477
prueba478,prueba478
prueba479,prueba479
prueba480,prueba480
prueba481,prueba481
prueba482,prueba482
prueba483,prueba483
prueba484,prueba484
prueba485,prueba485
prueba486,prueba486
prueba487,prueba487
prueba488,prueba488
prueba489,prueba489
prueba490,prueba490
prueba491,prueba491
prueba492,prueba492
prueba493,prueba493
prueba494,prueba494
prueba495,prueba495
prueba496,prueba496
prueba497,prueba497
prueba498,prueba498
prueba499,prueba499
prueba500,prueba500
prueba501,prueba501
prueba502,prueba502
prueba503,prueba503
prueba504,prueba504
prueba505,prueba505
prueba506,prueba506
prueba507,prueba507
prueba508,prueba508
prueba509,prueba509
prueba510,prueba510
prueba511,prueba511
prueba512,prueba512
prueba513,prueba513
prueba514,prueba514
prueba515,prueba515
prueba516,prueba516
prueba517,prueba517
prueba518,prueba518
prueba519,prueba519
prueba520,prueba520
prueba521,prueba521
prueba522,prueba522
prueba523,prueba523
prueba524,prueba524
prueba525,prueba525
prueba526,prueba526
prueba527,prueba527
prueba528,prueba528
prueba529,prueba529
prueba530,prueba530
prueba531,prueba531
prueba532,prueba532
prueba533,prueba533
prueba534,prueba534
prueba535,prueba535
prueba536,prueba536
prueba537,prueba537
prueba538,prueba538
prueba539,prueba539
prueba540,prueba540
prueba541,prueba541
prueba542,prueba542
prueba543,prueba543
prueba544,prueba544
prueba545,prueba545
prueba546,prueba546
prueba547,prueba547
prueba548,prueba548
prueba549,prueba549
prueba550,prueba550
prueba551,prueba551
prueba552,prueba552
prueba553,prueba553
prueba554,prueba554
prueba555,prueba555
prueba556,prueba556
prueba557,prueba557
prueba558,prueba558
prueba559,prueba559
prueba560,prueba560
prueba561,prueba561
prueba562,prueba562
prueba563,prueba563
prueba564,prueba564
prueba565,prueba565
prueba566,prueba566
prueba567,prueba567
prueba568,prueba568
prueba569,prueba569
prueba570,prueba570
prueba571,prueba571
prueba572,prueba572
prueba573,prueba573
prueba574,prueba574
prueba575,prueba575
prueba576,prueba576
prueba577,prueba577
prueba578,prueba578
prueba579,prueba579
prueba580,prueba580
prueba581,prueba581
prueba582,prueba582
prueba583,prueba583
prueba584,prueba584
prueba585,prueba585
prueba586,prueba586
prueba587,prueba587
prueba588,prueba588
prueba589,prueba589
prueba590,prueba590
prueba591,prueba591
prueba592,prueba592
prueba593,prueba593
prueba594,prueba594
prueba595,prueba595
prueba596,prueba596
prueba597,prueba597
prueba598,prueba598
prueba599,prueba599
prueba600,prueba600
prueba601,prueba601
prueba602,prueba602
prueba603,prueba603
prueba604,prueba604
prueba605,prueba605
prueba606,prueba606
prueba607,prueba607
prueba608,prueba608
prueba609,prueba609
prueba610,prueba610
prueba611,prueba611
prueba612,prueba612
prueba613,prueba613
prueba614,prueba614
prueba615,prueba615
prueba616,prueba616
prueba617,prueba617
prueba618,prueba618
prueba619,prueba619
prueba620,prueba620
prueba621,prueba621
prueba622,prueba622
prueba623,prueba623
prueba624,prueba624
prueba625,prueba625
prueba626,prueba626
prueba627,prueba627
prueba628,prueba628
prueba629,prueba629
prueba630,prueba630
prueba631,prueba631
prueba632,prueba632
prueba633,prueba633
prueba634,prueba634
prueba635,prueba635
prueba636,prueba636
prueba637,prueba637
prueba638,prueba638
prueba639,prueba639
prueba640,prueba640
prueba641,prueba641
prueba642,prueba642
prueba643,prueba643
prueba644,prueba644
prueba645,prueba645
prueba646,prueba646
prueba647,prueba647
prueba648,prueba648
prueba649,prueba649
prueba650,prueba650
prueba651,prueba651
prueba652,prueba652
prueba653,prueba653
prueba654,prueba654
prueba655,prueba655
prueba656,prueba656
prueba657,prueba657
prueba658,prueba658
prueba659,prueba659
prueba660,prueba660
prueba661,prueba661
prueba662,prueba662
prueba663,prueba663
prueba664,prueba664
prueba665,prueba665
prueba666,prueba666
prueba667,prueba667
prueba668,prueba668
prueba669,prueba669
prueba670,prueba670
prueba671,prueba671
prueba672,prueba672
prueba673,prueba673
prueba674,prueba674
prueba675,prueba675
prueba676,prueba676
prueba677,prueba677
prueba678,prueba678
prueba679,prueba679
prueba680,prueba680
prueba681,prueba681
prueba682,prueba682
prueba683,prueba683
prueba684,prueba684
prueba685,prueba685
prueba686,prueba686
prueba687,prueba687
prueba688,prueba688
prueba689,prueba689
prueba690,prueba690
prueba691,prueba691
prueba692,prueba692
prueba693,prueba693
prueba694,prueba694
prueba695,prueba695
prueba696,prueba696
prueba697,prueba697
prueba698,prueba698
prueba699,prueba699
prueba700,prueba700
prueba701,prueba701
prueba702,prueba702
prueba703,prueba703
prueba704,prueba704
prueba705,prueba705
prueba706,prueba706
prueba707,prueba707
prueba708,prueba708
prueba709,prueba709
prueba710,prueba710
prueba711,prueba711
prueba712,prueba712
prueba713,prueba713
prueba714,prueba714
prueba715,prueba715
prueba716,prueba716
prueba717,prueba717
prueba718,prueba718
prueba719,prueba719
prueba720,prueba720
prueba721,prueba721
prueba722,prueba722
prueba723,prueba723
prueba724,prueba724
prueba725,prueba725
prueba726,prueba726
prueba727,prueba727
prueba728,prueba728
prueba729,prueba729
prueba730,prueba730
prueba731,prueba731
prueba732,prueba732
prueba733,prueba733
prueba734,prueba734
prueba735,prueba735
prueba736,prueba736
prueba737,prueba737
prueba738,prueba738
prueba739,prueba739
prueba740,prueba740
prueba741,prueba741
prueba742,prueba742
prueba743,prueba743
prueba744,prueba744
prueba745,prueba745
prueba746,prueba746
prueba747,prueba747
prueba748,prueba748
prueba749,prueba749
prueba750,prueba750
prueba751,prueba751
prueba752,prueba752
prueba753,prueba753
prueba754,prueba754
prueba755,prueba755
prueba756,prueba756
prueba757,prueba757
prueba758,prueba758
prueba759,prueba759
prueba760,prueba760
prueba761,prueba761
prueba762,prueba762
prueba763,prueba763
prueba764,prueba764
prueba765,prueba765
prueba766,prueba766
prueba767,prueba767
prueba768,prueba768
prueba769,prueba769
prueba770,prueba770
prueba771,prueba771
prueba772,prueba772
prueba773,prueba773
prueba774,prueba774
prueba775,prueba775
prueba776,prueba776
prueba777,prueba777
prueba778,prueba778
prueba779,prueba779
prueba780,prueba780
prueba781,prueba781
prueba782,prueba782
prueba783,prueba783
prueba784,prueba784
prueba785,prueba785
prueba786,prueba786
prueba787,prueba787
prueba788,prueba788
prueba789,prueba789
prueba790,prueba790
prueba791,prueba791
prueba792,prueba792
prueba793,prueba793
prueba794,prueba794
prueba795,prueba795
prueba796,prueba796
prueba797,prueba797
prueba798,prueba798
prueba799,prueba799
prueba800,prueba800
prueba801,prueba801
prueba802,prueba802
prueba803,prueba803
prueba804,prueba804
prueba805,prueba805
prueba806,prueba806
prueba807,prueba807
prueba808,prueba808
prueba809,prueba809
prueba810,prueba810
prueba811,prueba811
prueba812,prueba812
prueba813,prueba813
prueba814,prueba814
prueba815,prueba815
prueba816,prueba816
prueba817,prueba817
prueba818,prueba818
prueba819,prueba819
prueba820,prueba820
prueba821,prueba821
prueba822,prueba822
prueba823,prueba823
prueba824,prueba824
prueba825,prueba825
prueba826,prueba826
prueba827,prueba827
prueba828,prueba828
prueba829,prueba829
prueba830,prueba830
prueba831,prueba831
prueba832,prueba832
prueba833,prueba833
prueba834,prueba834
prueba835,prueba835
prueba836,prueba836
prueba837,prueba837
prueba838,prueba838
prueba839,prueba839
prueba840,prueba840
prueba841,prueba841
prueba842,prueba842
prueba843,prueba843
prueba844,prueba844
prueba845,prueba845
prueba846,prueba846
prueba847,prueba847
prueba848,prueba848
prueba849,prueba849
prueba850,prueba850
prueba851,prueba851
prueba852,prueba852
prueba853,prueba853
prueba854,prueba854
prueba855,prueba855
prueba856,prueba856
prueba857,prueba857
prueba858,prueba858
prueba859,prueba859
prueba860,prueba860
prueba861,prueba861
prueba862,prueba862
prueba863,prueba863
prueba864,prueba864
prueba865,prueba865
prueba866,prueba866
prueba867,prueba867
prueba868,prueba868
prueba869,prueba869
prueba870,prueba870
prueba871,prueba871
prueba872,prueba872
prueba873,prueba873
prueba874,prueba874
prueba875,prueba875
prueba876,prueba876
prueba877,prueba877
prueba878,prueba878
prueba879,prueba879
prueba880,prueba880
prueba881,prueba881
prueba882,prueba882
prueba883,prueba883
prueba884,prueba884
prueba885,prueba885
prueba886,prueba886
prueba887,prueba887
prueba888,prueba888
prueba889,prueba889
prueba890,prueba890
prueba891,prueba891
prueba892,prueba892
prueba893,prueba893
prueba894,prueba894
prueba895,prueba895
prueba896,prueba896
prueba897,prueba897
prueba898,prueba898
prueba899,prueba899
prueba900,prueba900
prueba901,prueba901
prueba902,prueba902
prueba903,prueba903
prueba904,prueba904
prueba905,prueba905
prueba906,prueba906
prueba907,prueba907
prueba908,prueba908
prueba909,prueba909
prueba910,prueba910
prueba911,prueba911
prueba912,prueba912
prueba913,prueba913
prueba914,prueba914
prueba915,prueba915
prueba916,prueba916
prueba917,prueba917
prueba918,prueba918
prueba919,prueba919
prueba920,prueba920
prueba921,prueba921
prueba922,prueba922
prueba923,prueba923
prueba924,prueba924
prueba925,prueba925
prueba926,prueba926
prueba927,prueba927
prueba928,prueba928
prueba929,prueba929
prueba930,prueba930
prueba931,prueba931
prueba932,prueba932
prueba933,prueba933
prueba934,prueba934
prueba935,prueba935
prueba936,prueba936
prueba937,prueba937
prueba938,prueba938
prueba939,prueba939
prueba940,prueba940
prueba941,prueba941
prueba942,prueba942
prueba943,prueba943
prueba944,prueba944
prueba945,prueba945
prueba946,prueba946
prueba947,prueba947
prueba948,prueba948
prueba949,prueba949
prueba950,prueba950
prueba951,prueba951
prueba952,prueba952
prueba953,prueba953
prueba954,prueba954
prueba955,prueba955
prueba956,prueba956
prueba957,prueba957
prueba958,prueba958
prueba959,prueba959
prueba960,prueba960
prueba961,prueba961
prueba962,prueba962
prueba963,prueba963
prueba964,prueba964
prueba965,prueba965
prueba966,prueba966
prueba967,prueba967
prueba968,prueba968
prueba969,prueba969
prueba970,prueba970
prueba971,prueba971
prueba972,prueba972
prueba973,prueba973
prueba974,prueba974
prueba975,prueba975
prueba976,prueba976
prueba977,prueba977
prueba978,prueba978
prueba979,prueba979
prueba980,prueba980
prueba981,prueba981
prueba982,prueba982
prueba983,prueba983
prueba984,prueba984
prueba985,prueba985
prueba986,prueba986
prueba987,prueba987
prueba988,prueba988
prueba989,prueba989
prueba990,prueba990
prueba991,prueba991
prueba992,prueba992
prueba993,prueba993
prueba994,prueba994
prueba995,prueba995
prueba996,prueba996
prueba997,prueba997
prueba998,prueba998
prueba999,prueba999
