prueba0,prueba0,0,prueba0,0,prueba0@gmail.com,prueba0,prueba0
prueba1,prueba1,1,prueba1,1,prueba1@gmail.com,prueba1,prueba1
prueba2,prueba2,2,prueba2,2,prueba2@gmail.com,prueba2,prueba2
prueba3,prueba3,3,prueba3,3,prueba3@gmail.com,prueba3,prueba3
prueba4,prueba4,4,prueba4,4,prueba4@gmail.com,prueba4,prueba4
prueba5,prueba5,5,prueba5,5,prueba5@gmail.com,prueba5,prueba5
prueba6,prueba6,6,prueba6,6,prueba6@gmail.com,prueba6,prueba6
prueba7,prueba7,7,prueba7,7,prueba7@gmail.com,prueba7,prueba7
prueba8,prueba8,8,prueba8,8,prueba8@gmail.com,prueba8,prueba8
prueba9,prueba9,9,prueba9,9,prueba9@gmail.com,prueba9,prueba9
prueba10,prueba10,10,prueba10,10,prueba10@gmail.com,prueba10,prueba10
prueba11,prueba11,11,prueba11,11,prueba11@gmail.com,prueba11,prueba11
prueba12,prueba12,12,prueba12,12,prueba12@gmail.com,prueba12,prueba12
prueba13,prueba13,13,prueba13,13,prueba13@gmail.com,prueba13,prueba13
prueba14,prueba14,14,prueba14,14,prueba14@gmail.com,prueba14,prueba14
prueba15,prueba15,15,prueba15,15,prueba15@gmail.com,prueba15,prueba15
prueba16,prueba16,16,prueba16,16,prueba16@gmail.com,prueba16,prueba16
prueba17,prueba17,17,prueba17,17,prueba17@gmail.com,prueba17,prueba17
prueba18,prueba18,18,prueba18,18,prueba18@gmail.com,prueba18,prueba18
prueba19,prueba19,19,prueba19,19,prueba19@gmail.com,prueba19,prueba19
